TDSFU Daily run: Sun Oct 26 17:59:49 UTC 2025 TDSFU
TDSFU Daily run: Sun Oct 26 18:00:47 UTC 2025 TDSFU
TDSFU Daily run: Sun Oct 26 18:03:13 UTC 2025 TDSFU
TDSFU Daily run: Mon Oct 27 04:40:40 UTC 2025 TDSFU
TDSFU Daily run: Tue Oct 28 04:34:13 UTC 2025 TDSFU
TDSFU Daily run: Wed Oct 29 04:38:45 UTC 2025 TDSFU
TDSFU Daily run: Thu Oct 30 04:33:42 UTC 2025 TDSFU
TDSFU Daily run: Fri Oct 31 04:35:57 UTC 2025 TDSFU
TDSFU Daily run: Sat Nov  1 04:31:54 UTC 2025 TDSFU
TDSFU Daily run: Sun Nov  2 04:33:40 UTC 2025 TDSFU
TDSFU Daily run: Mon Nov  3 04:40:04 UTC 2025 TDSFU
TDSFU Daily run: Tue Nov  4 04:34:21 UTC 2025 TDSFU
TDSFU Daily run: Wed Nov  5 04:34:38 UTC 2025 TDSFU
TDSFU Daily run: Thu Nov  6 04:38:29 UTC 2025 TDSFU
TDSFU Daily run: Fri Nov  7 04:34:10 UTC 2025 TDSFU
TDSFU Daily run: Sat Nov  8 04:32:43 UTC 2025 TDSFU
TDSFU Daily run: Sun Nov  9 04:33:21 UTC 2025 TDSFU
TDSFU Daily run: Mon Nov 10 04:38:13 UTC 2025 TDSFU
TDSFU Daily run: Tue Nov 11 04:36:29 UTC 2025 TDSFU
TDSFU Daily run: Wed Nov 12 04:35:40 UTC 2025 TDSFU
TDSFU Daily run: Thu Nov 13 04:37:13 UTC 2025 TDSFU
TDSFU Daily run: Fri Nov 14 04:35:15 UTC 2025 TDSFU
TDSFU Daily run: Sat Nov 15 04:33:21 UTC 2025 TDSFU
TDSFU Daily run: Sun Nov 16 04:37:04 UTC 2025 TDSFU
TDSFU Daily run: Mon Nov 17 04:38:42 UTC 2025 TDSFU
TDSFU Daily run: Tue Nov 18 04:35:44 UTC 2025 TDSFU
TDSFU Daily run: Wed Nov 19 04:36:06 UTC 2025 TDSFU
TDSFU Daily run: Thu Nov 20 04:34:23 UTC 2025 TDSFU
TDSFU Daily run: Fri Nov 21 04:35:47 UTC 2025 TDSFU
TDSFU Daily run: Sat Nov 22 04:33:15 UTC 2025 TDSFU
TDSFU Daily run: Sun Nov 23 04:43:58 UTC 2025 TDSFU
TDSFU Daily run: Mon Nov 24 04:45:21 UTC 2025 TDSFU
TDSFU Daily run: Tue Nov 25 04:38:12 UTC 2025 TDSFU
TDSFU Daily run: Wed Nov 26 04:38:17 UTC 2025 TDSFU
TDSFU Daily run: Thu Nov 27 04:36:28 UTC 2025 TDSFU
TDSFU Daily run: Fri Nov 28 04:36:24 UTC 2025 TDSFU
TDSFU Daily run: Sat Nov 29 04:35:24 UTC 2025 TDSFU
TDSFU Daily run: Sun Nov 30 04:45:41 UTC 2025 TDSFU
TDSFU Daily run: Mon Dec  1 04:56:55 UTC 2025 TDSFU
TDSFU Daily run: Tue Dec  2 04:42:09 UTC 2025 TDSFU
TDSFU Daily run: Wed Dec  3 04:40:55 UTC 2025 TDSFU
TDSFU Daily run: Thu Dec  4 04:42:15 UTC 2025 TDSFU
TDSFU Daily run: Fri Dec  5 04:41:39 UTC 2025 TDSFU
TDSFU Daily run: Sat Dec  6 04:34:30 UTC 2025 TDSFU
TDSFU Daily run: Sun Dec  7 04:43:42 UTC 2025 TDSFU
TDSFU Daily run: Mon Dec  8 04:45:24 UTC 2025 TDSFU
TDSFU Daily run: Tue Dec  9 04:40:43 UTC 2025 TDSFU
TDSFU Daily run: Wed Dec 10 04:45:06 UTC 2025 TDSFU
TDSFU Daily run: Thu Dec 11 04:47:05 UTC 2025 TDSFU
